[
    {
        "model": "api.CustomUser",
        "pk": 1,
        "fields": {
            "username": "admin",
            "password": "pbkdf2_sha256$720000$YxiSzVXcFDApCWsMv3pnOH$FF4zYw8B5batpsMWowrTErMbL/Nbejf8wmLXPff4xqQ=",
            "first_name": "Admin",
            "last_name": "Admin",
            "email": "admin@example.com",
            "is_staff": true,
            "is_active": true,
            "is_superuser": true,
            "date_joined": "2024-04-22T08:00:00Z",
            "last_login": "2024-04-22T08:00:00Z"
        }

    },
    {
        "model": "api.CustomUser",
        "pk": 2,
        "fields": {
            "username": "john_doe",
            "password": "pbkdf2_sha256$720000$YxiSzVXcFDApCWsMv3pnOH$FF4zYw8B5batpsMWowrTErMbL/Nbejf8wmLXPff4xqQ=",
            "first_name": "John",
            "last_name": "Doe",
            "email": "john_doe@example.com",
            "is_staff": false,
            "is_active": true,
            "is_superuser": false,
            "date_joined": "2024-04-22T08:00:00Z",
            "last_login": "2024-04-22T08:00:00Z"
        }
    },
    {
        "model": "api.CustomUser",
        "pk": 3,
        "fields": {
            "username": "jane_doe",
            "password": "pbkdf2_sha256$720000$YxiSzVXcFDApCWsMv3pnOH$FF4zYw8B5batpsMWowrTErMbL/Nbejf8wmLXPff4xqQ=",
            "first_name": "Jane",
            "last_name": "Doe",
            "email": "jane_doe@example-com",
            "is_staff": false,
            "is_active": true,
            "is_superuser": false,
            "date_joined": "2024-04-22T08:00:00Z",
            "last_login": "2024-04-22T08:00:00Z"
        }
    },
    {
        "model": "api.PropertyType",
        "pk": 1,
        "fields": {
            "name": "Single room"
        }
    },
    {
        "model": "api.PropertyType",
        "pk": 2,
        "fields": {
            "name": "Whole Property"
        }
    },
    {
        "model": "api.City",
        "pk": "Geneva",
        "fields": {
            "name": "Geneva",
            "zip": "1200"
        }
    },
    {
        "model": "api.City",
        "pk": "Lausanne",
        "fields": {
            "name": "Lausanne",
            "zip": "1000"
        }
    },
    {
        "model": "api.City",
        "pk": "Zurich",
        "fields": {
            "name": "Zurich",
            "zip": "8000"
        }
    },
    {
        "model": "api.City",
        "pk": "Bern",
        "fields": {
            "name": "Bern",
            "zip": "3000"
        }
    },
    {
        "model": "api.City",
        "pk": "Basel",
        "fields": {
            "name": "Basel",
            "zip": "4000"
        }
    },
    {
        "model": "api.City",
        "pk": "Lugano",
        "fields": {
            "name": "Lugano",
            "zip": "6900"
        }
    },
    {
        "model": "api.City",
        "pk": "Neuchatel",
        "fields": {
            "name": "Neuchatel",
            "zip": "2000"
        }
    },
    {
        "model": "api.City",
        "pk": "Sion",
        "fields": {
            "name": "Sion",
            "zip": "1950"
        }
    },
    {
        "model": "api.Amenity",
        "pk": "Pool",
        "fields": {
            "name": "Pool"
        }
    },
    {
        "model": "api.Amenity",
        "pk": "WiFi",
        "fields": {
            "name": "WiFi"
        }
    },
    {
        "model": "api.Amenity",
        "pk": "TV",
        "fields": {
            "name": "TV"
        }
    },
    {
        "model": "api.Amenity",
        "pk": "Air conditioning",
        "fields": {
            "name": "Air conditioning"
        }
    },
    {
        "model": "api.Amenity",
        "pk": "Washing machine",
        "fields": {
            "name": "Washing machine"
        }
    },
    {
        "model": "api.Amenity",
        "pk": "Dryer",
        "fields": {
            "name": "Dryer"
        }
    },
    {
        "model": "api.Amenity",
        "pk": "Hot tub",
        "fields": {
            "name": "Hot tub"
        }
    },
    {
        "model": "api.Amenity",
        "pk": "Intercom",
        "fields": {
            "name": "Intercom"
        }
    },
    {
        "model": "api.Amenity",
        "pk": "Wheelchair accessible",
        "fields": {
            "name": "Wheelchair accessible"
        }
    },
    {
        "model": "api.Image",
        "pk": 1,
        "fields": {
            "ext_url": "https://a0.muscache.com/im/pictures/miso/Hosting-857387972692815761/original/d106e0ef-f825-4ff8-baf7-86256a54fbd5.jpeg?im_w=960&im_q=highq"
        }
    },
    {
        "model": "api.Image",
        "pk": 2,
        "fields": {
            "ext_url": "https://a0.muscache.com/im/pictures/miso/Hosting-857387972692815761/original/7da53713-0a37-40c4-8eb0-3b294db5757e.jpeg?im_w=960&im_q=highq"
        }
    },
    {
        "model": "api.Image",
        "pk": 3,
        "fields": {
            "ext_url": "https://a0.muscache.com/im/pictures/miso/Hosting-857387972692815761/original/1954ee23-d520-4c4c-964a-b8c908c07d78.jpeg?im_w=960&im_q=highq"
        }
    },
    {
        "model": "api.Image",
        "pk": 4,
        "fields": {
            "ext_url": "https://a0.muscache.com/im/pictures/miso/Hosting-857387972692815761/original/180686c5-db83-4b9d-933e-f6b6194b4dff.jpeg?im_w=960&im_q=highq"
        }
    },
    {
        "model": "api.Image",
        "pk": 5,
        "fields": {
            "ext_url": "https://a0.muscache.com/im/pictures/miso/Hosting-857387972692815761/original/16a723d0-513e-4aa4-9484-a388f1d08a30.jpeg?im_w=960&im_q=highq"
        }
    },
    {
        "model": "api.Image",
        "pk": 6,
        "fields": {
            "ext_url": "https://a0.muscache.com/im/pictures/miso/Hosting-857387972692815761/original/3a1aa7fd-d47f-454b-b367-ca9ea8e20d3f.jpeg?im_w=960&im_q=highq"
        }
    },
    {
        "model": "api.Image",
        "pk": 7,
        "fields": {
            "ext_url": "https://a0.muscache.com/im/pictures/miso/Hosting-857387972692815761/original/d207f876-0e74-4218-86de-b01e20401621.jpeg?im_w=960&im_q=highq"
        }
    },
    {
        "model": "api.Image",
        "pk": 8,
        "fields": {
            "ext_url": "https://a0.muscache.com/im/pictures/miso/Hosting-857387972692815761/original/25596961-3a9f-415c-b869-37fb8c1f2acd.jpeg?im_w=960&im_q=highq"
        }
    },
    {
        "model": "api.Image",
        "pk": 9,
        "fields": {
            "ext_url": "https://a0.muscache.com/im/pictures/miso/Hosting-857387972692815761/original/9cb8bbe1-e9d5-4b37-9992-5b526aa582e4.jpeg?im_w=960&im_q=highq"
        }
    },
    {
        "model": "api.Image",
        "pk": 10,
        "fields": {
            "ext_url": "https://a0.muscache.com/im/pictures/miso/Hosting-857387972692815761/original/c8db77f3-e6a7-416a-abc0-74a4f94c13d9.jpeg?im_w=960&im_q=highq"
        }
    },
    {
        "model": "api.Image",
        "pk": 11,
        "fields": {
            "ext_url": "https://a0.muscache.com/im/pictures/miso/Hosting-857387972692815761/original/da66715b-017a-4487-8d42-926c20578e87.jpeg?im_w=960&im_q=highq"
        }
    },
    {
        "model": "api.Image",
        "pk": 12,
        "fields": {
            "ext_url": "https://a0.muscache.com/im/pictures/miso/Hosting-857387972692815761/original/a903231a-f853-4a74-89d6-b34656f0703e.jpeg?im_w=960&im_q=highq"
        }
    },
    {
        "model": "api.Image",
        "pk": 13,
        "fields": {
            "ext_url": "https://a0.muscache.com/im/pictures/miso/Hosting-857387972692815761/original/dd5321ad-f8bd-426c-bfaa-35670baa6e58.jpeg?im_w=960&im_q=highq"
        }
    },
    {
        "model": "api.Image",
        "pk": 14,
        "fields": {
            "ext_url": "https://a0.muscache.com/im/pictures/miso/Hosting-857387972692815761/original/8f532ad5-8eed-4e33-9171-f2a9535af17b.jpeg?im_w=960&im_q=highq"
        }
    },
    {
        "model": "api.Image",
        "pk": 15,
        "fields": {
            "ext_url": "https://a0.muscache.com/im/pictures/hosting/Hosting-U3RheVN1cHBseUxpc3Rpbmc6MTEyNTQ0NTEyMzEwMTI3NDg1MQ%3D%3D/original/bd73f0f8-9057-4bbc-ad70-1db13eb5c03f.png?im_w=1200"
        }
    },
    {
        "model": "api.Image",
        "pk": 16,
        "fields": {
            "ext_url": "https://a0.muscache.com/im/pictures/hosting/Hosting-U3RheVN1cHBseUxpc3Rpbmc6MTEyNTQ0NTEyMzEwMTI3NDg1MQ%3D%3D/original/ee71281a-74af-4200-882a-53c2c8d96a42.jpeg?im_w=1200&im_q=highq"
        }
    },
    {
        "model": "api.Image",
        "pk": 17,
        "fields": {
            "ext_url": "https://a0.muscache.com/im/pictures/hosting/Hosting-U3RheVN1cHBseUxpc3Rpbmc6MTEyNTQ0NTEyMzEwMTI3NDg1MQ%3D%3D/original/6cf06751-2105-4462-9d7c-86db287fe20c.jpeg?im_w=960&im_q=highq"
        }
    },
    {
        "model": "api.Image",
        "pk": 18,
        "fields": {
            "ext_url": "https://a0.muscache.com/im/pictures/hosting/Hosting-U3RheVN1cHBseUxpc3Rpbmc6MTEyNTQ0NTEyMzEwMTI3NDg1MQ%3D%3D/original/3de42c30-b582-450a-a94c-ad1512966fcf.jpeg?im_w=960&im_q=highq"
        }
    },
    {
        "model": "api.Image",
        "pk": 19,
        "fields": {
            "ext_url": "https://a0.muscache.com/im/pictures/hosting/Hosting-U3RheVN1cHBseUxpc3Rpbmc6MTEyNTQ0NTEyMzEwMTI3NDg1MQ%3D%3D/original/9fea4ea4-7c9c-428a-9479-eb24d1ee90c0.jpeg?im_w=960&im_q=highq"
        }
    },
    {
        "model": "api.Image",
        "pk": 20,
        "fields": {
            "ext_url": "https://a0.muscache.com/im/pictures/hosting/Hosting-U3RheVN1cHBseUxpc3Rpbmc6MTEyNjE4NTg5MzIzNjI0NjI2MA%3D%3D/original/e6b26733-2c15-47d9-b097-6968b39bb697.jpeg?im_w=960&im_q=highq"
        }
    },
    {
        "model": "api.Image",
        "pk": 21,
        "fields": {
            "ext_url": "https://a0.muscache.com/im/pictures/hosting/Hosting-U3RheVN1cHBseUxpc3Rpbmc6MTEyNjE4NTg5MzIzNjI0NjI2MA%3D%3D/original/57591a45-275f-4866-95be-d841f83a6083.jpeg?im_w=960&im_q=highq"
        }
    },
    {
        "model": "api.Image",
        "pk": 22,
        "fields": {
            "ext_url": "https://a0.muscache.com/im/pictures/hosting/Hosting-U3RheVN1cHBseUxpc3Rpbmc6MTEyNjE4NTg5MzIzNjI0NjI2MA%3D%3D/original/6610ff78-5598-47ef-9bdc-b500cf144e4b.jpeg?im_w=960&im_q=highq"
        }
    },
    {
        "model": "api.Image",
        "pk": 23,
        "fields": {
            "ext_url": "https://a0.muscache.com/im/pictures/hosting/Hosting-U3RheVN1cHBseUxpc3Rpbmc6MTEyNjE4NTg5MzIzNjI0NjI2MA%3D%3D/original/3af9e975-4d67-4a90-995e-837603a745a4.jpeg?im_w=960&im_q=highq"
        }
    },
    {
        "model": "api.Image",
        "pk": 24,
        "fields": {
            "ext_url": "https://a0.muscache.com/im/pictures/hosting/Hosting-U3RheVN1cHBseUxpc3Rpbmc6MTEyNjE4NTg5MzIzNjI0NjI2MA%3D%3D/original/c68898cf-e035-451c-9a8a-c2d2f363922e.jpeg?im_w=960&im_q=highq"
        }
    },
    {
        "model": "api.Image",
        "pk": 25,
        "fields": {
            "ext_url": "https://a0.muscache.com/im/pictures/hosting/Hosting-U3RheVN1cHBseUxpc3Rpbmc6MTEyNjE4NTg5MzIzNjI0NjI2MA%3D%3D/original/936fa78e-476a-4da1-9e71-4f69b3294bed.jpeg?im_w=960&im_q=highq"
        }
    },
    {
        "model": "api.Image",
        "pk": 26,
        "fields": {
            "ext_url": "https://a0.muscache.com/im/pictures/miso/Hosting-881808599061267756/original/b16970cf-1d55-4edd-bb1f-e1735d0a228e.jpeg?im_w=960&im_q=highq"
        }
    },
    {
        "model": "api.Image",
        "pk": 27,
        "fields": {
            "ext_url": "https://a0.muscache.com/im/pictures/miso/Hosting-881808599061267756/original/58387bc5-15cf-4be7-bb18-56a9081326fb.jpeg?im_w=960&im_q=highq"
        }
    },
    {
        "model": "api.Image",
        "pk": 28,
        "fields": {
            "ext_url": "https://a0.muscache.com/im/pictures/miso/Hosting-881808599061267756/original/c9a998fa-2f64-4576-a8e7-025cf2f08e66.jpeg?im_w=960&im_q=highq"
        }
    },
    {
        "model": "api.Image",
        "pk": 29,
        "fields": {
            "ext_url": "https://a0.muscache.com/im/pictures/miso/Hosting-881808599061267756/original/e504263d-6a89-4124-8b3b-7483d658a29e.jpeg?im_w=960&im_q=highq"
        }
    },
    {
        "model": "api.Image",
        "pk": 30,
        "fields": {
            "ext_url": "https://a0.muscache.com/im/pictures/miso/Hosting-881808599061267756/original/d9520bdd-c46e-433d-a467-372a2157cb43.jpeg?im_w=960&im_q=highq"
        }
    },
    {
        "model": "api.Image",
        "pk": 31,
        "fields": {
            "ext_url": "https://a0.muscache.com/im/pictures/hosting/Hosting-U3RheVN1cHBseUxpc3Rpbmc6MTEyMzIwMTE1Njc3Njg0MTIzOQ%3D%3D/original/fb9dcb8d-7fa5-402f-91ae-fa2a26e9f097.png?im_w=960&im_q=highq"
        }
    },
    {
        "model": "api.Image",
        "pk": 32,
        "fields": {
            "ext_url": "https://a0.muscache.com/im/pictures/hosting/Hosting-U3RheVN1cHBseUxpc3Rpbmc6MTEyMzIwMTE1Njc3Njg0MTIzOQ%3D%3D/original/1b9af44a-7179-4e2a-9db6-3c6c09b0609d.png?im_w=960&im_q=highq"
        }
    },
    {
        "model": "api.Image",
        "pk": 33,
        "fields": {
            "ext_url": "https://a0.muscache.com/im/pictures/hosting/Hosting-U3RheVN1cHBseUxpc3Rpbmc6MTEyMzIwMTE1Njc3Njg0MTIzOQ%3D%3D/original/c96230f6-b298-4556-a389-406c18782631.png?im_w=960&im_q=highq"
        }
    },
    {
        "model": "api.Image",
        "pk": 34,
        "fields": {
            "ext_url": "https://a0.muscache.com/im/pictures/hosting/Hosting-U3RheVN1cHBseUxpc3Rpbmc6MTEyMzIwMTE1Njc3Njg0MTIzOQ%3D%3D/original/0bd2de52-b7a4-48f2-8a18-3c83c164cf2f.jpeg?im_w=960&im_q=highq"
        }
    },
    {
        "model": "api.Image",
        "pk": 35,
        "fields": {
            "ext_url": "https://a0.muscache.com/im/pictures/hosting/Hosting-U3RheVN1cHBseUxpc3Rpbmc6MTEyMzIwMTE1Njc3Njg0MTIzOQ%3D%3D/original/d81b5e2c-3139-4a56-b614-233ea5232871.png?im_w=960&im_q=highq"
        }
    },
    {
        "model": "api.Image",
        "pk": 36,
        "fields": {
            "ext_url": "https://a0.muscache.com/im/pictures/hosting/Hosting-U3RheVN1cHBseUxpc3Rpbmc6MTEyNjIzMTk3NDU3MjE4Nzg2NA%3D%3D/original/f4cbe542-3ce0-4c6f-a8f1-d2120c1b2420.jpeg?im_w=960&im_q=highq"
        }
    },
    {
        "model": "api.Image",
        "pk": 37,
        "fields": {
            "ext_url": "https://a0.muscache.com/im/pictures/hosting/Hosting-U3RheVN1cHBseUxpc3Rpbmc6MTEyNjIzMTk3NDU3MjE4Nzg2NA%3D%3D/original/e0d8bd33-d1a0-424a-a769-d76808fbc64a.jpeg?im_w=960&im_q=highq"
        }
    },
    {
        "model": "api.Image",
        "pk": 38,
        "fields": {
            "ext_url": "https://a0.muscache.com/im/pictures/hosting/Hosting-U3RheVN1cHBseUxpc3Rpbmc6MTEyNjIzMTk3NDU3MjE4Nzg2NA%3D%3D/original/0a980b27-6c74-4beb-9026-40f2836f9b87.jpeg?im_w=960&im_q=highq"
        }
    },
    {
        "model": "api.Image",
        "pk": 39,
        "fields": {
            "ext_url": "https://a0.muscache.com/im/pictures/hosting/Hosting-U3RheVN1cHBseUxpc3Rpbmc6MTEyNjIzMTk3NDU3MjE4Nzg2NA%3D%3D/original/a06cc2cc-4b0e-49b6-a1cf-95b041779392.jpeg?im_w=960&im_q=highq"
        }
    },
    {
        "model": "api.Image",
        "pk": 40,
        "fields": {
            "ext_url": "https://a0.muscache.com/im/pictures/hosting/Hosting-U3RheVN1cHBseUxpc3Rpbmc6MTEyNjIzMTk3NDU3MjE4Nzg2NA%3D%3D/original/4f953970-5215-40f4-a024-bacd94069bb7.jpeg?im_w=960&im_q=highq"
        }
    },
    {
        "model": "api.Image",
        "pk": 41,
        "fields": {
            "ext_url": "https://a0.muscache.com/im/pictures/miso/Hosting-694055224756906854/original/76f85a0c-b3e2-4f1d-9aa9-d7838f2393c6.jpeg?im_w=1200"
        }
    },
    {
        "model": "api.Image",
        "pk": 42,
        "fields": {
            "ext_url": "https://a0.muscache.com/im/pictures/miso/Hosting-694055224756906854/original/c963ea36-dc00-4030-9719-34ba4f45ce42.jpeg?im_w=960&im_q=highq"
        }
    },
    {
        "model": "api.Image",
        "pk": 43,
        "fields": {
            "ext_url": "https://a0.muscache.com/im/pictures/miso/Hosting-694055224756906854/original/e9fec6f3-b66f-4156-968a-7cc537c06519.jpeg?im_w=960&im_q=highq"
        }
    },
    {
        "model": "api.Image",
        "pk": 44,
        "fields": {
            "ext_url": "https://a0.muscache.com/im/pictures/miso/Hosting-694055224756906854/original/1b848add-640d-49a9-a3d5-96c19b6ff743.jpeg?im_w=960&im_q=highq"
        }
    },
    {
        "model": "api.Image",
        "pk": 45,
        "fields": {
            "ext_url": "https://a0.muscache.com/im/pictures/miso/Hosting-694055224756906854/original/447ef4b8-fcdc-4271-849d-c6e661c89e6c.jpeg?im_w=960&im_q=highq"
        }
    },
    {
        "model": "api.Image",
        "pk": 46,
        "fields": {
            "ext_url": "https://a0.muscache.com/im/pictures/be0957a9-da56-47d6-89ca-223b6e75321a.jpg?im_w=1200"
        }
    },
    {
        "model": "api.Image",
        "pk": 47,
        "fields": {
            "ext_url": "https://a0.muscache.com/im/pictures/c27c3eaf-d825-4628-9d8f-fdbf79910525.jpg?im_w=960&im_q=highq"
        }
    },
    {
        "model": "api.Image",
        "pk": 48,
        "fields": {
            "ext_url": "https://a0.muscache.com/im/pictures/43188495-f653-46c2-a658-9934de50e026.jpg?im_w=960&im_q=highq"
        }
    },
    {
        "model": "api.Image",
        "pk": 49,
        "fields": {
            "ext_url": "https://a0.muscache.com/im/pictures/ff7b0866-567c-479a-840c-c31e6e16cf9c.jpg?im_w=960&im_q=highq"
        }
    },
    {
        "model": "api.Image",
        "pk": 50,
        "fields": {
            "ext_url": "https://a0.muscache.com/im/pictures/ccb23909-6320-4f68-9dda-be3cdbb5315f.jpg?im_w=960&im_q=highq"
        }
    },
    {
        "model": "api.Image",
        "pk": 51,
        "fields": {
            "ext_url": "https://a0.muscache.com/im/pictures/hosting/Hosting-U3RheVN1cHBseUxpc3Rpbmc6MTEzMTA4NjI3OTI1MjIxNDQyOA%3D%3D/original/bc989f2d-eca8-4bcf-a9b0-b70b8e685a64.jpeg?im_w=960&im_q=highq"
        }
    },
    {
        "model": "api.Image",
        "pk": 52,
        "fields": {
            "ext_url": "https://a0.muscache.com/im/pictures/hosting/Hosting-U3RheVN1cHBseUxpc3Rpbmc6MTEzMTA4NjI3OTI1MjIxNDQyOA%3D%3D/original/acb7c0e1-5e3d-4f12-9aea-f9ee71a9035a.jpeg?im_w=960&im_q=highq"
        }
    },
    {
        "model": "api.Image",
        "pk": 53,
        "fields": {
            "ext_url": "https://a0.muscache.com/im/pictures/hosting/Hosting-U3RheVN1cHBseUxpc3Rpbmc6MTEzMTA4NjI3OTI1MjIxNDQyOA%3D%3D/original/b6288ffe-0bc2-4b01-b2f6-d0d0b78d0959.jpeg?im_w=960&im_q=highq"
        }
    },
    {
        "model": "api.Image",
        "pk": 54,
        "fields": {
            "ext_url": "https://a0.muscache.com/im/pictures/hosting/Hosting-U3RheVN1cHBseUxpc3Rpbmc6MTEzMTA4NjI3OTI1MjIxNDQyOA%3D%3D/original/400678f7-fbed-4f07-80b3-ba2fd03c66b1.jpeg?im_w=960&im_q=highq"
        }
    },
    {
        "model": "api.Image",
        "pk": 55,
        "fields": {
            "ext_url": "https://a0.muscache.com/im/pictures/hosting/Hosting-U3RheVN1cHBseUxpc3Rpbmc6MTEzMTA4NjI3OTI1MjIxNDQyOA%3D%3D/original/46e12a73-947b-4a95-a70c-d4c80334eeb9.jpeg?im_w=960&im_q=highq"
        }
    },
    {
        "model": "api.Image",
        "pk": 56,
        "fields": {
            "ext_url": "https://a0.muscache.com/im/pictures/miso/Hosting-53274539/original/365299e3-f926-47ee-bcbf-606d6a0370b9.jpeg?im_w=1200"
        }
    },
    {
        "model": "api.Image",
        "pk": 57,
        "fields": {
            "ext_url": "https://a0.muscache.com/im/pictures/miso/Hosting-53274539/original/1c0f22ac-4df7-4463-a915-c66bab72eaf0.jpeg?im_w=960&im_q=highq"
        }
    },
    {
        "model": "api.Image",
        "pk": 58,
        "fields": {
            "ext_url": "https://a0.muscache.com/im/pictures/miso/Hosting-53274539/original/a927a15f-fe37-4398-ac87-2386ea0c66bd.jpeg?im_w=960&im_q=highq"
        }
    },
    {
        "model": "api.Image",
        "pk": 59,
        "fields": {
            "ext_url": "https://a0.muscache.com/im/pictures/miso/Hosting-53274539/original/9f845a2c-a22b-4b93-a39c-efaadfd8a2ac.jpeg?im_w=960&im_q=highq"
        }
    },
    {
        "model": "api.Image",
        "pk": 60,
        "fields": {
            "ext_url": "https://a0.muscache.com/im/pictures/miso/Hosting-53274539/original/cccf5fd2-d52e-4e18-bd92-cbd04576de77.jpeg?im_w=960&im_q=highq"
        }
    },
    {
        "model": "api.Property",
        "pk": 1,
        "fields": {
            "title": "Drift off in the Up house",
            "description": "I don’t always like visitors, but I guess it’s pretty nice to have them now that it’s just me and Dug. So, come stay in my cozy home I made with my dear Ellie. My greatest adventures have happened here, and I learned that the best ones are always with someone you love, so bring your pals to kickstart your very own Adventure Book and watch as my house drifts off before you depart.",
            "address": "Abiquiu",
            "city": "Geneva",
            "price_per_night": "120.00",
            "surface": 70,
            "amenities": ["WiFi", "TV", "Air conditioning"],
            "property_Type": "Whole Property",
            "images": [20, 21, 22, 23, 24, 25],
            "is_active": true,
            "owner": 2,
            "created_at": "1900-01-01T12:00:00Z",
            "updated_at": "1900-01-01T12:00:00Z"
        }
    }, 
    {
        "model": "api.Property",
        "pk": 2,
        "fields": {
            "title": "Shrek’s Swamp",
            "description": "Located in the hills of the Scottish Highlands, Shrek’s Swamp is a stumpy, secluded haven fit for a solitude-seeking ogre… and for the first time ever, a handful of his biggest fans, thanks to yours truly. I’m swamp-sitting while Shrek’s away this Halloween, and I’m absolutely delighted to invite you in for a fairytale stay. Oh, and never mind the “BEWARE” signs. They’re probably for decoration.",
            "address": "Highland Council",
            "city": "Zurich",
            "price_per_night": "500.00",
            "surface": 200,
            "amenities": ["Pool", "WiFi", "TV", "Air conditioning", "Washing machine", "Dryer", "Hot tub", "Intercom", "Wheelchair accessible"],
            "property_Type": "Whole Property",
            "images": [26, 27, 28, 29, 30],
            "is_active": true,
            "owner": 2,
            "created_at": "1900-01-01T12:00:00Z",
            "updated_at": "1900-01-01T12:00:00Z"
        }
    },
    {
        "model": "api.Property",
        "pk": 3,
        "fields": {
            "title": "Barbie’s Malibu DreamHouse",
            "description": "Welcome to my Kendom! While Barbie is away, she has handed over the keys to her Malibu DreamHouse this summer and my room could be yours for the night. I’ve added a few touches to bring some much-needed Kenergy to the newly renovated and iconic Malibu DreamHouse. Placed perfectly above the beach with panoramic views, this life-size toy pink mansion is a dream come true!",
            "address": "Malibu Beach",
            "city": "Lausanne",
            "price_per_night": "80.00",
            "surface": 50,
            "amenities": ["Hot tub", "Pool"],
            "property_Type": "Whole Property",
            "images": [1, 2, 3, 4, 5, 6, 7, 8, 9, 10, 11, 12, 13, 14],
            "is_active": true,
            "owner": 3,
            "created_at": "1900-01-01T12:00:00Z",
            "updated_at": "1900-01-01T12:00:00Z"
        }
    },
    {
        "model": "api.Property",
        "pk": 4,
        "fields": {
            "title": "Spend the night in the Ferrari Museum",
            "description": "Since I was a kid, I’ve loved the track. My dream came true when I turned pro and became a Scuderia Ferrari tester. As a driver and fan, it’s a dream to be this close to racing history. On May 19, take part in Ferrari’s legacy by watching our home race, staying overnight in Sala delle Vittorie inside Museo Ferrari in Maranello—sleeping next to 110 elite trophies, and the Ferrari cars that won those trophies. Then ride alongside me on our racetrack: Pista di Fiorano. Tifosi, this is all for you.",
            "address": "Maranello Museum",
            "city": "Lugano",
            "price_per_night": "200.00",
            "surface": 100,
            "amenities": ["Washing machine", "Dryer"],
            "property_Type": "Whole Property",
            "images": [31, 32, 33, 34, 35],
            "is_active": true,
            "owner": 2,
            "created_at": "1900-01-01T12:00:00Z",
            "updated_at": "1900-01-01T12:00:00Z"
        }
    },
    {
        "model": "api.Property",
        "pk": 5,
        "fields": {
            "title": "Wake up in the Musée d’Orsay",
            "description": "For the first time ever, and for just one night, the museum’s iconic clock room will be transformed into a bedroom. I've crafted a unique space that is both romantic and contemporary, intimate yet sumptuous. Surrounded by the works of the greatest Impressionist painters, I invite you to experience the most beautiful night in Paris, watching a truly historic event—the Opening Ceremony of the Olympic Games Paris 2024.",
            "address": "12 Alpine Road",
            "city": "Bern",
            "price_per_night": "100.00",
            "surface": 60,
            "amenities": ["TV", "Pool", "Hot tub"],
            "property_Type": "Whole Property",
            "images": [15, 16, 17, 18, 19],
            "is_active": true,
            "owner": 3,
            "created_at": "1900-01-01T12:00:00Z",
            "updated_at": "1900-01-01T12:00:00Z"
        }
    },
    {
        "model": "api.Property",
        "pk": 6,
        "fields": {
            "title": "Train at the X-Mansion",
            "description": "Calling all mutants! Or anyone who feels just a little bit different. Now’s your shot to find out how super special you are at Xavier’s Institute for Higher Learning. We’re totally ready to welcome mutant trainees like you to our newest class. Anyway, get ready for the coolest orientation ever!",
            "address": "New Castle",
            "city": "Lugano",
            "price_per_night": "200.00",
            "surface": 100,
            "amenities": ["Washing machine", "Dryer"],
            "property_Type": "Whole Property",
            "images": [36, 37, 38, 39, 40],
            "is_active": true,
            "owner": 2,
            "created_at": "1900-01-01T12:00:00Z",
            "updated_at": "1900-01-01T12:00:00Z"
        }
    },
    {
        "model": "api.Property",
        "pk": 7,
        "fields": {
            "title": "Ted Lasso’s Favorite Pub",
            "description": "Welcome to The Crown & Anchor, Richmond’s finest gathering spot for Greyhound fans. Our friendly neighborhood pub is where us locals cheer, swear, laugh and cry at all of the trials and tribulations of football and life. And now, I’m letting a few lucky guests stay overnight while I take the night off!",
            "address": "Greater London",
            "city": "Sion",
            "price_per_night": "70.00",
            "surface": 100,
            "amenities": ["Washing machine", "Dryer", "Hot tub", "Intercom", "Wheelchair accessible"],
            "property_Type": "Whole Property",
            "images": [41, 42, 43, 44, 45],
            "is_active": true,
            "owner": 2,
            "created_at": "1900-01-01T12:00:00Z",
            "updated_at": "1900-01-01T12:00:00Z"
        }
    },
    {
        "model": "api.Property",
        "pk": 8,
        "fields": {
            "title": "The Last Blockbuster",
            "description": "Hey Deschutes County residents! Dust off those membership cards for a sleepover inside the world’s last BLOCKBUSTER. When you call dibs on this stay, you’re booking a night back in the 90s, but this time you won’t have to beg your parents to rent the latest horror flick–we’ll give you the keys to the entire store!",
            "address": "Bend, Oregon",
            "city": "Geneva",
            "price_per_night": "170.00",
            "surface": 100,
            "amenities": ["Washing machine", "Dryer", "Intercom", "Wheelchair accessible"],
            "property_Type": "Whole Property",
            "images": [46, 47, 48, 49, 50],
            "is_active": true,
            "owner": 2,
            "created_at": "1900-01-01T12:00:00Z",
            "updated_at": "1900-01-01T12:00:00Z"
        }
    },
    {
        "model": "api.Property",
        "pk": 9,
        "fields": {
            "title": "Live like Bollywood star Janhvi Kapoor",
            "description": "My most cherished childhood memories are of spending summers with my family at our coastal oasis in Chennai, India. This home has always felt like a sanctuary, and I want to share that same feeling with my fans. Which is why for the first time ever, I’m opening our home up to a few guests to have the full Kapoor family experience. That means a lot of relaxing—eating South Indian food, doing yoga, and trying my mother’s natural skin care recipes. I can’t wait to share it all with you.",
            "address": "Chennai",
            "city": "Zurich",
            "price_per_night": "550.00",
            "surface": 100,
            "amenities": ["Washing machine", "Dryer", "Intercom", "Wheelchair accessible", "Pool", "WiFi", "TV", "Air conditioning", "Hot tub"],
            "property_Type": "Whole Property",
            "images": [51, 52, 53, 54, 55],
            "is_active": true,
            "owner": 2,
            "created_at": "1900-01-01T12:00:00Z",
            "updated_at": "1900-01-01T12:00:00Z"
        }
    },
    {
        "model": "api.Property",
        "pk": 10,
        "fields": {
            "title": "Home Alone Holiday",
            "description": "Though we’re older and wiser now (I’ve even got my own security firm), we’re never too old for holiday hijinks. So while we’re away on vacation (all of us, this time), I’m inviting one crew of mischief makers to let their inner eight-year-olds run free in my childhood home on Dec. 12.",
            "address": "Winnetka",
            "city": "Neuchatel",
            "price_per_night": "150.00",
            "surface": 100,
            "amenities": ["Intercom", "Pool", "WiFi", "TV", "Air conditioning", "Hot tub"],
            "property_Type": "Whole Property",
            "images": [56, 57, 58, 59, 60],
            "is_active": true,
            "owner": 2,
            "created_at": "1900-01-01T12:00:00Z",
            "updated_at": "1900-01-01T12:00:00Z"
        }
    },
    {
        "model": "api.Status",
        "pk": 1,
        "fields": {
            "name": "Pending"
        }
    },
    {
        "model":"api.Status",
        "pk": 2,
        "fields": {
            "name": "In progress"
        }
    },
    {
        "model": "api.Status",
        "pk": 3,
        "fields": {
            "name": "Confirmed"
        }
    },
    {
        "model": "api.Status",
        "pk": 4,
        "fields": {
            "name": "Cancelled"
        }
    },
    {
        "model": "api.Status",
        "pk": 5,
        "fields": {
            "name": "Completed"
        }

    }
]